<?xml version="1.0" encoding="UTF-8"?>

<!--Autogenerated by Cloudera Manager-->
<configuration>
  <property>
    <name>dfs.nameservices</name>
    <value>jimmy</value>
  </property>
  <property>
    <name>dfs.client.failover.proxy.provider.jimmy</name>
    <value>org.apache.hadoop.hdfs.server.namenode.ha.ConfiguredFailoverProxyProvider</value>
  </property>
  <property>
    <name>dfs.ha.automatic-failover.enabled.jimmy</name>
    <value>true</value>
  </property>
  <property>
    <name>ha.zookeeper.quorum</name>
    <value>cmagent1:2181,cmagent2:2181,cmagent3:2181,cmagent4:2181,cmagent6:2181</value>
  </property>
  <property>
    <name>dfs.ha.namenodes.jimmy</name>
    <value>namenode37,namenode113</value>
  </property>
  <property>
    <name>dfs.namenode.rpc-address.jimmy.namenode37</name>
    <value>cmagent1:8020</value>
  </property>
  <property>
    <name>dfs.namenode.servicerpc-address.jimmy.namenode37</name>
    <value>cmagent1:8022</value>
  </property>
  <property>
    <name>dfs.namenode.http-address.jimmy.namenode37</name>
    <value>cmagent1:50070</value>
  </property>
  <property>
    <name>dfs.namenode.https-address.jimmy.namenode37</name>
    <value>cmagent1:50470</value>
  </property>
  <property>
    <name>dfs.namenode.rpc-address.jimmy.namenode113</name>
    <value>cmagent2:8020</value>
  </property>
  <property>
    <name>dfs.namenode.servicerpc-address.jimmy.namenode113</name>
    <value>cmagent2:8022</value>
  </property>
  <property>
    <name>dfs.namenode.http-address.jimmy.namenode113</name>
    <value>cmagent2:50070</value>
  </property>
  <property>
    <name>dfs.namenode.https-address.jimmy.namenode113</name>
    <value>cmagent2:50470</value>
  </property>
  <property>
    <name>dfs.replication</name>
    <value>1</value>
  </property>
  <property>
    <name>dfs.blocksize</name>
    <value>134217728</value>
  </property>
  <property>
    <name>dfs.client.use.datanode.hostname</name>
    <value>false</value>
  </property>
  <property>
    <name>fs.permissions.umask-mode</name>
    <value>022</value>
  </property>
  <property>
    <name>dfs.namenode.acls.enabled</name>
    <value>false</value>
  </property>
  <property>
    <name>dfs.client.use.legacy.blockreader</name>
    <value>false</value>
  </property>
  <property>
    <name>dfs.client.read.shortcircuit</name>
    <value>false</value>
  </property>
  <property>
    <name>dfs.domain.socket.path</name>
    <value>/var/run/hdfs-sockets/dn</value>
  </property>
  <property>
    <name>dfs.client.read.shortcircuit.skip.checksum</name>
    <value>false</value>
  </property>
  <property>
    <name>dfs.client.domain.socket.data.traffic</name>
    <value>false</value>
  </property>
  <property>
    <name>dfs.datanode.hdfs-blocks-metadata.enabled</name>
    <value>true</value>
  </property>
</configuration>
